Category,Ship Name,,,,
Covenant Spacecraft,A Psalm Every Day,,,,
Covenant Spacecraft,Absolution,,,,
Covenant Spacecraft,Ardent Prayer,,,,
Covenant Spacecraft,Ascendant Justice,,,,
Covenant Spacecraft,Axiom,,,,
Covenant Spacecraft,Blight of the Profane,,,,
Covenant Spacecraft,Bloodied Spirit,,,,
Covenant Spacecraft,Boundless Artifice,,,,
Covenant Spacecraft,Breath of Annihilation,,,,
Covenant Spacecraft,Brilliant Gift,,,,
Covenant Spacecraft,CCS-U321,,,,
Covenant Spacecraft,CCS-U624,,,,
Covenant Spacecraft,Clarity of Faith,,,,
Covenant Spacecraft,Commitment and Patience,,,,
Covenant Spacecraft,Contrition,,,,
Covenant Spacecraft,Day of Jubilation,,,,
Covenant Spacecraft,Devotion,,,,
Covenant Spacecraft,Divine Breath,,,,
Covenant Spacecraft,Doctrine's Command,,,,
Covenant Spacecraft,Enduring Conviction,,,,
Covenant Spacecraft,Esteem,,,,
Covenant Spacecraft,Far Sight Lost,,,,
Covenant Spacecraft,Far Vision,,,,
Covenant Spacecraft,Fighter's Blood,,,,
Covenant Spacecraft,Gathering of Praise,,,,
Covenant Spacecraft,Glorious Advance,,,,
Covenant Spacecraft,Hammerstrike,,,,
Covenant Spacecraft,Harbinger of Piety,,,,
Covenant Spacecraft,Havoc,,,,
Covenant Spacecraft,Incorruptible,,,,
Covenant Spacecraft,Indulgence of Conviction,,,,
Covenant Spacecraft,Infinite Sacrifice,,,,
Covenant Spacecraft,Infinite Spoils,,,,
Covenant Spacecraft,Infinite Succor,,,,
Covenant Spacecraft,Joori's Light,,,,
Covenant Spacecraft,Lawgiver,,,,
Covenant Spacecraft,Long Night of Solace,,,,
Covenant Spacecraft,Mark of Prophecy,,,,
Covenant Spacecraft,Mayhem,,,,
Covenant Spacecraft,Minor Transgression,,,,
Covenant Spacecraft,Onslaught,,,,
Covenant Spacecraft,Penance,,,,
Covenant Spacecraft,Perpetual Devotion,,,,
Covenant Spacecraft,Pious Inquisitor,,,,
Covenant Spacecraft,Pitiless,,,,
Covenant Spacecraft,Proclamation's Tithe,,,,
Covenant Spacecraft,Pure Resolve,,,,
Covenant Spacecraft,Purity of Spirit,,,,
Covenant Spacecraft,Purveyor of Serenity,,,,
Covenant Spacecraft,Radiant Perception,,,,
Covenant Spacecraft,Rapid Conversion,,,,
Covenant Spacecraft,Rapturous Arc,,,,
Covenant Spacecraft,Reprisal's Fire,,,,
Covenant Spacecraft,Resplendent Fervor,,,,
Covenant Spacecraft,Retribution's Promise,,,,
Covenant Spacecraft,Retribution's Thunder,,,,
Covenant Spacecraft,Revenant,,,,
Covenant Spacecraft,Reverence,,,,
Covenant Spacecraft,Revolution,,,,
Covenant Spacecraft,Sacred Promise,,,,
Covenant Spacecraft,Seeker of Truth,,,,
Covenant Spacecraft,Shadow of Intent,,,,
Covenant Spacecraft,Solemn Penance,,,,
Covenant Spacecraft,Song of Retribution,,,,
Covenant Spacecraft,Song of Wrath,,,,
Covenant Spacecraft,Splendid Intention,,,,
Covenant Spacecraft,Sublime Transcendence,,,,
Covenant Spacecraft,Tenebrous,,,,
Covenant Spacecraft,Triumphant Declaration,,,,
Covenant Spacecraft,Lepidus,,,,
Covenant Spacecraft,Truth and Reconciliation,,,,
Covenant Spacecraft,Twilight Compunction,,,,
Covenant Spacecraft,Undiminished Entelechy,,,,
Covenant Spacecraft,Unnamed Covenant Cruiser,,,,
Covenant Spacecraft,Unrelenting,,,,
Covenant Spacecraft,Unflinching Resolve ,,,,
Covenant Spacecraft,Unwavering Discipline,,,,
Covenant Spacecraft,Valorous Salvation,,,,
Covenant Spacecraft,Vengeful Deed,,,,
Forerunner Spacecraft,Anodyne Spirit,,,,
Forerunner Spacecraft,Audacity,,,,
Forerunner Spacecraft,Deep Reverence,,,,
Forerunner Spacecraft,Design seed,,,,
Forerunner Spacecraft,Didact's ship,,,,
Forerunner Spacecraft,Mantle's Approach,,,,
Civilian Spacecraft,Ace of Spades,,,,
Civilian Spacecraft,Galileo's Worst Enemy,,,,
Civilian Spacecraft,Two Drink Minimum,,,,
Civilian Spacecraft,This End Up,,,,
Civilian Spacecraft,Kestrel,,,,
Civilian Spacecraft,Six Echo Two,,,,
CMA Spacecraft,Laden,,,,
CMA Spacecraft,Season of Plenty,,,,
USNC Navy Vessels,Beatrice,,,,
USNC Navy Vessels,Eden Rising,,,,
USNC Navy Vessels,Long Time Coming,,,,
USNC Navy Vessels,Prowler,,,,
USNC Navy Vessels,Troy,,,,
USNC Navy Vessels,Abstract Endurance,,,,
USNC Navy Vessels,Accra,,,,
USNC Navy Vessels,Agincourt,,,,
USNC Navy Vessels,Ghosts of Onyx,,,,
USNC Navy Vessels,aircraft carrier,,,,
USNC Navy Vessels,Andraste,,,,
USNC Navy Vessels,Ariadne,,,,
USNC Navy Vessels,Armstrong,,,,
USNC Navy Vessels,Austerlitz,,,,
USNC Navy Vessels,Basra,,,,
USNC Navy Vessels,Belfast,,,,
USNC Navy Vessels,Belleisle,,,,
USNC Navy Vessels,Brilliant Shores,,,,
USNC Navy Vessels,Bunker Hill,,,,
USNC Navy Vessels,Campo Grande,,,,
USNC Navy Vessels,Carrier,,,,
USNC Navy Vessels,Corvette,,,,
USNC Navy Vessels,Cradle,,,,
USNC Navy Vessels,Cruiser,,,,
USNC Navy Vessels,Dartmouth,,,,
USNC Navy Vessels,Destroyer,,,,
USNC Navy Vessels,Donoma,,,,
USNC Navy Vessels,Dunedin,,,,
USNC Navy Vessels,Eminent Domain,,,,
USNC Navy Vessels,Eternity,,,,
USNC Navy Vessels,Euclid's Anvil,,,,
USNC Navy Vessels,Excellence,,,,
USNC Navy Vessels,Final Summit,,,,
USNC Navy Vessels,Frigate,,,,
USNC Navy Vessels,Gannick,,,,
USNC Navy Vessels,Glasgow,,,,
USNC Navy Vessels,Herald,,,,
USNC Navy Vessels,Hermes II,,,,
USNC Navy Vessels,Hilbert,,,,
USNC Navy Vessels,Hopeful,,,,
USNC Navy Vessels,Iceni,,,,
USNC Navy Vessels,Lance Held High,,,,
USNC Navy Vessels,Lowrentz,,,,
USNC Navy Vessels,Lutyens,,,,
USNC Navy Vessels,Maelstrom,,,,
USNC Navy Vessels,Magellan,,,,
USNC Navy Vessels,Melbourne's Pride,,,,
USNC Navy Vessels,Midway,,,,
USNC Navy Vessels,Of Uncommon Courage,,,,
USNC Navy Vessels,Onan,,,,
USNC Navy Vessels,Pompadour,,,,
USNC Navy Vessels,Rubicon,,,,
USNC Navy Vessels,Sacramento,,,,
USNC Navy Vessels,Sevenfold Gates,,,,
USNC Navy Vessels,Silberg,,,,
USNC Navy Vessels,Skidbladnir,,,,
USNC Navy Vessels,Spirit of Fire,,,,
USNC Navy Vessels,Texas,,,,
USNC Navy Vessels,Tharsis,,,,
USNC Navy Vessels,Thatcher,,,,
USNC Navy Vessels,Vociferous,,,,
USNC Navy Vessels,Walk of Shame,,,,
USNC Navy Vessels,Waterloo,,,,
USNC Navy Vessels,Witch Bucket,,,,
UNSC Corvette,Gladius-class corvette,,,,
UNSC Corvette,Mako-class corvette,,,,
UNSC Corvette,Bum Rush,,,,
UNSC Corvette,Callisto,,,,
UNSC Corvette,Chalons,,,,
UNSC Corvette,Coral Sea,,,,
UNSC Corvette,Glamorgan,,,,
UNSC Corvette,Pony Express,,,,
UNSC Corvette,Port Stanley,,,,
UNSC Corvette,Sagan Blue,,,,
UNSC Corvette,Two for Flinching,,,,
UNSC Carrier,Epoch,,,,
UNSC Carrier,Infinity,,,,
UNSC Carrier,Punic,,,,
UNSC Carrier,All Under Heaven,,,,
UNSC Carrier,Atlas,,,,
UNSC Carrier,Milwaukee,,,,
UNSC Carrier,Musashi,,,,
UNSC Carrier,Stalingrad,,,,
UNSC Carrier,Trafalgar,,,,
UNSC Frigate,Anlace,,,,
UNSC Frigate,Bellicose,,,,
UNSC Frigate,Charon,,,,
UNSC Frigate,CMA Vostok,,,,
UNSC Frigate,Forward Unto Dawn,,,,
UNSC Frigate,Paris,,,,
UNSC Frigate,Savannah,,,,
UNSC Frigate,Stalwart,,,,
UNSC Frigate,Strident,,,,
UNSC Frigate,Aegis Fate,,,,
UNSC Frigate,Allegiance,,,,
UNSC Frigate,Burlington,,,,
UNSC Frigate,Chioglossa,,,,
UNSC Frigate,Commonwealth,,,,
UNSC Frigate,Daedalus,,,,
UNSC Frigate,Euphrates,,,,
UNSC Frigate,Fair Weather,,,,
UNSC Frigate,Gettysburg,,,,
UNSC Frigate,Grafton,,,,
UNSC Frigate,In Amber Clad,,,,
UNSC Frigate,Meriwether Lewis,,,,
UNSC Frigate,Midsummer Night,,,,
UNSC Frigate,Nereid,,,,
UNSC Frigate,Providence,,,,
UNSC Frigate,Purpose,,,,
UNSC Frigate,Ready or Not,,,,
UNSC Frigate,Redoubtable,,,,
UNSC Frigate,Saratoga,,,,
UNSC Frigate,Stalwart Dawn,,,,
UNSC Frigate,Tannenberg,,,,
UNSC Frigate,Tripping Light,,,,
UNSC Frigate,Virginia Capes,,,,
UNSC Destroyer,Agincourt Destroyer,,,,
UNSC Destroyer,Armageddon's Edge,,,,
UNSC Destroyer,Brasidas,,,,
UNSC Destroyer,Buenos Aires,,,,
UNSC Destroyer,Calcutta,,,,
UNSC Destroyer,Clearidas,,,,
UNSC Destroyer,Do You Feel Lucky?,,,,
UNSC Destroyer,Glasgow Kiss,,,,
UNSC Destroyer,Gorgon,,,,
UNSC Destroyer,Herodotus,,,,
UNSC Destroyer,Iroquois,,,,
UNSC Destroyer,Iwo Jima,,,,
UNSC Destroyer,Jericho,,,,
UNSC Destroyer,Kronstadt,,,,
UNSC Destroyer,Lancelot,,,,
UNSC Destroyer,Las Vegas,,,,
UNSC Destroyer,Majestic,,,,
UNSC Destroyer,Minotaur,,,,
UNSC Destroyer,Monte Cassino,,,,
UNSC Destroyer,Persephone,,,,
UNSC Destroyer,Pioneer,,,,
UNSC Destroyer,Resolute,,,,
UNSC Destroyer,Seattle,,,,
UNSC Destroyer,The Heart of Midlothian,,,,
UNSC Destroyer,Thermopylae,,,,
UNSC Cruiser,Halcyon,,,,
UNSC Cruiser,Canberra,,,,
UNSC Cruiser,Chares,,,,
UNSC Cruiser,Constantinople,,,,
UNSC Cruiser,Dawn Under Heaven,,,,
UNSC Cruiser,Dresden,,,,
UNSC Cruiser,Everest,,,,
UNSC Cruiser,Feeling Lucky,,,,
UNSC Cruiser,Hannibal,,,,
UNSC Cruiser,Io,,,,
UNSC Cruiser,Leviathan,,,,
UNSC Cruiser,Matador,,,,
UNSC Cruiser,Pillar of Autumn,,,,
UNSC Cruiser,Pillar of Autumn II,,,,
UNSC Cruiser,Prophecy,,,,
UNSC Cruiser,Roman Blue,,,,
UNSC Cruiser,Say My Name,,,,
UNSC Cruiser,Song of the East,,,,
UNSC Cruiser,Swiftsure,,,,
UNSC Cruiser,Toulouse,,,,
UNSC Cruiser,Unto the Breach,,,,
UNSC Cruiser,Weeping Willows,,,,
USNC Starship,Coda,,,,
USNC Starship,Han,,,,
USNC Starship,Mona Lisa,,,,
USNC Starship,ONI Acrisius,,,,
USNC Starship,ONI PRO-49776,,,,
USNC Starship,Aladdin,,,,
USNC Starship,Apocalypso,,,,
USNC Starship,Applebee,,,,
USNC Starship,Athens,,,,
USNC Starship,Bellerophon,,,,
USNC Starship,Black Widow,,,,
USNC Starship,Buteo's Talon,,,,
USNC Starship,Cascadia,,,,
USNC Starship,Chevalier,,,,
USNC Starship,Chiroptera,,,,
USNC Starship,Circumference,,,,
USNC Starship,Diadochi,,,,
USNC Starship,Diligence,,,,
USNC Starship,Dusk,,,,
USNC Starship,Eclipse,,,,
USNC Starship,Edge of Umbra,,,,
USNC Starship,Endeavor,,,,
USNC Starship,Fast Gus,,,,
USNC Starship,From the Ashes,,,,
USNC Starship,Ghost Song,,,,
USNC Starship,Ghost Star,,,,
USNC Starship,Ghost Wind,,,,
USNC Starship,Gladius,,,,
USNC Starship,Halberd,,,,
USNC Starship,Hillsborough,,,,
USNC Starship,Lark,,,,
USNC Starship,Last Gleaming,,,,
USNC Starship,Marathon,,,,
USNC Starship,Night Watch,,,,
USNC Starship,Orion,,,,
USNC Starship,Phoenix,,,,
USNC Starship,Plateau,,,,
USNC Starship,Point Blank,,,,
USNC Starship,Point of No Return,,,,
USNC Starship,Poseidon,,,,
USNC Starship,Razor's Edge,,,,
USNC Starship,Red Horse,,,,
USNC Starship,Resolute Harmony,,,,
USNC Starship,Sahara,,,,
USNC Starship,Santori,,,,
USNC Starship,Sentry of El Morro,,,,
USNC Starship,Silent Joe,,,,
USNC Starship,Starry Night,,,,
USNC Starship,Swift Justice,,,,
USNC Starship,Taulanti,,,,
USNC Starship,Taurokado,,,,
USNC Starship,Tokyo Rules,,,,
USNC Starship,Totem Lake,,,,
USNC Starship,Valiant,,,,
USNC Starship,Vanishing Point,,,,
USNC Starship,Verdant Sumerian,,,,
USNC Starship,Vindication,,,,
USNC Starship,Welcome to the Snipehunt,,,,
USNC Starship,Wink of an Eye,,,,
USNC Starship,Winter,,,,
USNC Starship,Witness,,,,
USNC Starship,Unnamed frigate,,,,
USNC Other,Delphi,,,,
USNC Other,Anchor Nine,,,,
USNC Other,Oaxaca,,,,
USNC Other,Fermion,,,,
USNC Other,Democritus,,,,
USNC Other,Archemedes,,,,
USNC Other,Tripoli,,,,
USNC Other,Endurance,,,,
USNC Other,Dreadnaught,,,,
USNC Other,Autumn,,,,
USNC Other,Oban,,,,
USNC Other,Neos Atlantis,,,,
USNC Other,Mars,,,,
USNC Other,Reach,,,,
UNSC Protocols,Snake Pit,,,,
UNSC Protocols,Goose Chase,,,,
UNSC Protocols,Fail-Safe Detonation,,,,
UNSC Protocols,Final Dispensation,,,,
UNSC Protocols,Lockdown Protocol,,,,
UNSC Protocols,Common Space Law,,,,
UNSC Protocols,Mortal Dictata,,,,
UNSC Protocols,Wartime Articles of Secrecy,,,,
UNSC Protocols,Xeno orders,,,,
UNSC Codes,Bandersnatch,,,,
UNSC Codes,Bloody Arrow,,,,
UNSC Codes,Hydra,,,,
UNSC Codes,Omega Three,,,,
UNSC Codes,Three-Nine-Two,,,,
Human Aircraft,SkyHawk,,,,
Human Aircraft,Sparrowhawk,,,,
Human Aircraft,Heron,,,,
Human Aircraft,Pelican,,,,
Human Aircraft,Darter,,,,
Human Aircraft,Albatross,,,,
Human Aircraft,Longsword,,,,
Human Aircraft,Frostraven,,,,
Human Aircraft,Falcon,,,,
Human Aircraft,Turaco,,,,
Human Aircraft,Strike Fighter,,,,
Human Aircraft,Rhino,,,,
Human Aircraft,Owl,,,,
Human Aircraft,Mako,,,,
Halo Infinite Weapons,Bulldog,,,,
Halo Infinite Weapons,Mangler,,,,
Halo Infinite Weapons,Sidekick,,,,
Halo Infinite Weapons,Commando,,,,
Halo Infinite Weapons,Vulcan,,,,
Halo 5,104 Ways To Die,,,,
Halo 5,343 Industries,,,,
Halo 5,A Good Ribbing,,,,
Halo 5,Abyss,,,,
Halo 5,Achilles,,,,
Halo 5,Ad Victoriam,,,,
Halo 5,Air Assault,,,,
Halo 5,Disrupt,,,,
Halo 5,Impact,,,,
Halo 5,And Stay Down,,,,
Halo 5,Anhur,,,,
Halo 5,Anubis,,,,
Halo 5,Anubis Nephthys,,,,
Halo 5,Anubis Set,,,,
Halo 5,Appetite for Destruction,,,,
Halo 5,Arclight,,,,
Halo 5,Argonaut,,,,
Halo 5,Argonaut Idmon,,,,
Halo 5,Argonaut Nestor,,,,
Halo 5,Argus,,,,
Halo 5,Argus Arestor,,,,
Halo 5,Armorer,,,,
Halo 5,Arrow of Time,,,,
Halo 5,Assassin,,,,
Halo 5,At the Ready,,,,
Halo 5,Athlon,,,,
Halo 5,Athlon Champion,,,,
Halo 5,Athlon Cynisca,,,,
Halo 5,Athlon Iccus,,,,
Halo 5,Athlon Lycinus,,,,
Halo 5,Athlon Varazdat,,,,
Halo 5,Atlas,,,,
Halo 5,Atlas Unbound,,,,
Halo 5,Atlas Vigilant,,,,
Halo 5,Atrial Flight,,,,
Halo 5,Aureus,,,,
Halo 5,Aurora,,,,
Halo 5,Aurum,,,,
Halo 5,Autumn,,,,
Halo 5,Aviator,,,,
Halo 5,Aviator Ace,,,,
Halo 5,Aviator Csar,,,,
Halo 5,Aviator Delta,,,,
Halo 5,Azure Dream,,,,
Halo 5,BR 55,,,,
Halo 5,Back Breaker,,,,
Halo 5,Barbed Lance,,,,
Halo 5,Beam Rifle,,,,
Halo 5,Believe,,,,
Halo 5,Beltane,,,,
Halo 5,Berserker's Claw,,,,
Halo 5,Binary Rifle,,,,
Halo 5,Blaze of Glory,,,,
Halo 5,Blindside,,,,
Halo 5,Blissful Slumber,,,,
Halo 5,Blood of Suban,,,,
Halo 5,Bloodthirst,,,,
Halo 5,Blue Steel,,,,
Halo 5,Blue Team,,,,
Halo 5,Boltshot,,,,
Halo 5,Boomco.,,,,
Halo 5,Bracer,,,,
Halo 5,Breach,,,,
Halo 5,Breaker,,,,
Halo 5,Breaker Doomsday,,,,
Halo 5,Breaker Hatchetman,,,,
Halo 5,Brute,,,,
Halo 5,Buccaneer,,,,
Halo 5,Illyri,,,,
Halo 5,Buccaneer Tyr,,,,
Halo 5,Buckingham,,,,
Halo 5,Burgundian,,,,
Halo 5,Center Mass,,,,
Halo 5,Centurion,,,,
Halo 5,Centurion Ironside,,,,
Halo 5,Challenger,,,,
Halo 5,Chamomile,,,,
Halo 5,Chromed Targetmaster,,,,
Halo 5,Cinder,,,,
Halo 5,Clash,,,,
Halo 5,Clockwork,,,,
Halo 5,Closed Fist,,,,
Halo 5,Commando,,,,
Halo 5,Commando Arius,,,,
Halo 5,Commando Matrix,,,,
Halo 5,Commando Verde,,,,
Halo 5,Connected,,,,
Halo 5,Copperhead,,,,
Halo 5,Copperhead Fangs,,,,
Halo 5,Corpsemaker,,,,
Halo 5,Counter Logic Gaming,,,,
Halo 5,Crossed Swords,,,,
Halo 5,Cyan,,,,
Halo 5,Cyclops,,,,
Halo 5,Cypher,,,,
Halo 5,Cypher Copiale,,,,
Halo 5,Cypher Voynich,,,,
Halo 5,Danger,,,,
Halo 5,Explosion,,,,
Halo 5,Dauntless,,,,
Halo 5,Daybreak,,,,
Halo 5,Deadeye,,,,
Halo 5,Decimator,,,,
Halo 5,Decorated Targetmaster,,,,
Halo 5,Defender,,,,
Halo 5,Defender Castle,,,,
Halo 5,Defender Fortress,,,,
Halo 5,Defender Redoubt,,,,
Halo 5,Dianthus,,,,
Halo 5,Didact's Signet,,,,
Halo 5,Don't Flip Out,,,,
Halo 5,Dusk,,,,
Halo 5,Dying Star,,,,
Halo 5,Dynast,,,,
Halo 5,Dynast Cincindel,,,,
Halo 5,Dynast Lilioc,,,,
Halo 5,Dynasty,,,,
Halo 5,EOD,,,,
Halo 5,GEN1,,,,
Halo 5,Hadfield,,,,
Halo 5,Leonov,,,,
Halo 5,Solovyev,,,,
Halo 5,Zhigang,,,,
Halo 5,Echidna,,,,
Halo 5,Ecto,,,,
Halo 5,"Ehh, Arr",,,,
Halo 5,Elementary,,,,
Halo 5,Emile's Regards,,,,
Halo 5,End of the Line,,,,
Halo 5,Endgame,,,,
Halo 5,Energy Sword,,,,
Halo 5,Enforcer,,,,
Halo 5,Enforcer Strongarm,,,,
Halo 5,Engage,,,,
Halo 5,Engineer,,,,
Halo 5,Envy,,,,
Halo 5,Evil Geniuses,,,,
Halo 5,Expedition,,,,
Halo 5,Eyebiter,,,,
Halo 5,FOTUS,,,,
Halo 5,FOTUS Chillrose,,,,
Halo 5,FOTUS Synchronize,,,,
Halo 5,Fade,,,,
Halo 5,False Dawn,,,,
Halo 5,Fenrir,,,,
Halo 5,Fenrir Unchained,,,,
Halo 5,Fenrir Woebinger,,,,
Halo 5,Fenrir Woebringer,,,,
Halo 5,Fenrir Wolffriend,,,,
Halo 5,Fire Support,,,,
Halo 5,Fire Unicorn,,,,
Halo 5,Fireteam Osiris,,,,
Halo 5,Fisticuffs,,,,
Halo 5,Flanker,,,,
Halo 5,Flood,,,,
Halo 5,Foehammer,,,,
Halo 5,Foehammer Echo,,,,
Halo 5,Foehammer Victor,,,,
Halo 5,Forge Monitor,,,,
Halo 5,Foucault,,,,
Halo 5,Freebooter,,,,
Halo 5,Freebooter Privateer,,,,
Halo 5,Frost,,,,
Halo 5,Full Moon,,,,
Halo 5,Fury,,,,
Halo 5,GUNGNIR,,,,
Halo 5,GUNGNIR Dvalin,,,,
Halo 5,Gallows,,,,
Halo 5,Gauss Turret,,,,
Halo 5,Get Low,,,,
Halo 5,Gilded Targetmaster,,,,
Halo 5,Glacier,,,,
Halo 5,Goblin,,,,
Halo 5,Goblin Dokkaebi,,,,
Halo 5,Goblin Erlking,,,,
Halo 5,Gold Standard,,,,
Halo 5,Gravity Hammer,,,,
Halo 5,Green Machine,,,,
Halo 5,Greystone,,,,
Halo 5,Grim Resolve,,,,
Halo 5,Grinder,,,,
Halo 5,HCS Contender,,,,
Halo 5,HCS Contender Blue,,,,
Halo 5,HCS Contender Red,,,,
Halo 5,Hailstorm,,,,
Halo 5,Hammer Time,,,,
Halo 5,Heartseeker,,,,
Halo 5,Helioskrill,,,,
Halo 5,Helioskrill Bloodgorger,,,,
Halo 5,Helioskrill Warbound,,,,
Halo 5,Hellcat,,,,
Halo 5,Hellcat Marauder,,,,
Halo 5,Hellcat Onslaught,,,,
Halo 5,Helljumper,,,,
Halo 5,Helljumper Feet First,,,,
Halo 5,Helping Hands,,,,
Halo 5,Hermes,,,,
Halo 5,Hermes Dolios,,,,
Halo 5,High Five,,,,
Halo 5,Hunter,,,,
Halo 5,Hydra Launcher,,,,
Halo 5,Hypocenter,,,,
Halo 5,Icarus,,,,
Halo 5,Ice Unicorn,,,,
Halo 5,Ichor,,,,
Halo 5,Incineration Cannon,,,,
Halo 5,Independence,,,,
Halo 5,Indomitable,,,,
Halo 5,Indomitable Erőd,,,,
Halo 5,Inevitability,,,,
Halo 5,Infiltrator,,,,
Halo 5,Infiltrator Saboteur,,,,
Halo 5,Interceptor,,,,
Halo 5,Interceptor Cutter,,,,
Halo 5,Interceptor Imperator,,,,
Halo 5,Interceptor Rictus,,,,
Halo 5,Into the Fire,,,,
Halo 5,Intruder,,,,
Halo 5,Intruder Trespasser,,,,
Halo 5,Jorge's Chaingun,,,,
Halo 5,Jumpmaster,,,,
Halo 5,Jumpmaster Dispatcher,,,,
Halo 5,Jumpmaster Ripcord,,,,
Halo 5,Jumpmaster Sky Soldier,,,,
Halo 5,Keeper of the Domain,,,,
Halo 5,Kig-Yar,,,,
Halo 5,King,,,,
Halo 5,Knee-dful Things,,,,
Halo 5,Knot,,,,
Halo 5,Krith's Left Hand,,,,
Halo 5,Lagrange,,,,
Halo 5,Landgrave,,,,
Halo 5,Last Dawn,,,,
Halo 5,Last Slice,,,,
Halo 5,Last Stand,,,,
Halo 5,Lawgiver,,,,
Halo 5,Lawn Dart,,,,
Halo 5,Legendary,,,,
Halo 5,Legionnaire,,,,
Halo 5,Legionnaire Alaris,,,,
Halo 5,Legionnaire Optio,,,,
Halo 5,Liftoff,,,,
Halo 5,Light of Urs,,,,
Halo 5,LightRifle,,,,
Halo 5,Links,,,,
Halo 5,Loathsome Thing,,,,
Halo 5,Locke and Loaded,,,,
Halo 5,Locus,,,,
Halo 5,Locus Edge,,,,
Halo 5,Look Skyward,,,,
Halo 5,Lord of the Fries,,,,
Halo 5,Luminosity,,,,
Halo 5,Mad Dog,,,,
Halo 5,Mako,,,,
Halo 5,Mako Chthonic,,,,
Halo 5,Mako Darkwater,,,,
Halo 5,Marauder,,,,
Halo 5,Marauder Keres,,,,
Halo 5,Marauder Kratos,,,,
Halo 5,Mark IV GEN1,,,,
Halo 5,Arcadia,,,,
Halo 5,Mark V Alpha,,,,
Halo 5,Reflex,,,,
Halo 5,Mark VI,,,,
Halo 5,Mark VI GEN1,,,,
Halo 5,Scarred,,,,
Halo 5,Primus,,,,
Halo 5,Regent,,,,
Halo 5,Satrap,,,,
Halo 5,Master Control,,,,
Halo 5,Matrix,,,,
Halo 5,Maverick,,,,
Halo 5,Maverick Jester,,,,
Halo 5,Meat Hook,,,,
Halo 5,Merry Berry,,,,
Halo 5,Midnight,,,,
Halo 5,Military Police,,,,
Halo 5,Misriah Armory,,,,
Halo 5,Mithral,,,,
Halo 5,Monstrous,,,,
Halo 5,Muse,,,,
Halo 5,Needler,,,,
Halo 5,Nice Try,,,,
Halo 5,Nightfall,,,,
Halo 5,Noble,,,,
Halo 5,Noble Honor,,,,
Halo 5,Noble Team,,,,
Halo 5,Noble Valor,,,,
Halo 5,Nomad,,,,
Halo 5,Nomad Unchained,,,,
Halo 5,Nomad Wanderlust,,,,
Halo 5,Nornfang,,,,
Halo 5,Number Twelve,,,,
Halo 5,ODST,,,,
Halo 5,Chaingun,,,,
Halo 5,Gauss,,,,
Halo 5,Rocket,,,,
Halo 5,Oathsworn,,,,
Halo 5,Oh Snap,,,,
Halo 5,Old Abe,,,,
Halo 5,Old School,,,,
Halo 5,OpTic Gaming,,,,
Halo 5,Open Hand,,,,
Halo 5,Operator,,,,
Halo 5,Operator GEN1,,,,
Halo 5,Orbital,,,,
Halo 5,Orbital Aphelion,,,,
Halo 5,Orbital Equinox,,,,
Halo 5,Orbital Perihelion,,,,
Halo 5,Over The Top,,,,
Halo 5,Pathfinder,,,,
Halo 5,Pathfinder Trailbreaker,,,,
Halo 5,Patrol,,,,
Halo 5,Peacemaker,,,,
Halo 5,Pendragon,,,,
Halo 5,Pilot,,,,
Halo 5,Pink Mist,,,,
Halo 5,Pioneer,,,,
Halo 5,Plasma Caster,,,,
Halo 5,Plasma Pistol,,,,
Halo 5,Plasma Turret,,,,
Halo 5,Pool of Radiance,,,,
Halo 5,Pop Culture,,,,
Halo 5,Potence,,,,
Halo 5,Prestige,,,,
Halo 5,Primeval,,,,
Halo 5,Pro Pipe,,,,
Halo 5,Prophets' Bane,,,,
Halo 5,Protector,,,,
Halo 5,Protector Stalwart,,,,
Halo 5,Raider,,,,
Halo 5,Raijin,,,,
Halo 5,Raijin Sprite,,,,
Halo 5,Raijin Stormstrike,,,,
Halo 5,Railgun,,,,
Halo 5,Rain of Oblivion,,,,
Halo 5,Rampant,,,,
Halo 5,Ranger,,,,
Halo 5,Ravening Sliver,,,,
Halo 5,Razor's Edge,,,,
Halo 5,Reaper,,,,
Halo 5,Reaper Grim,,,,
Halo 5,Reaper Mortican,,,,
Halo 5,Reaper Mortician,,,,
Halo 5,Recluse,,,,
Halo 5,Recluse Laeta,,,,
Halo 5,Recluse Seri,,,,
Halo 5,Recon,,,,
Halo 5,Recruit,,,,
Halo 5,Recruit Charred,,,,
Halo 5,Recruit Marked,,,,
Halo 5,Recruit Proven,,,,
Halo 5,Reflection,,,,
Halo 5,Regnum,,,,
Halo 5,Remembrance,,,,
Halo 5,Resolute,,,,
Halo 5,Retina of the Mind's Eye,,,,
Halo 5,Rex,,,,
Halo 5,Rime,,,,
Halo 5,River of Light,,,,
Halo 5,Rocket Launcher,,,,
Halo 5,Rocket Pod Turret,,,,
Halo 5,Rogue,,,,
Halo 5,Rogue Cutthroat,,,,
Halo 5,Royal,,,,
Halo 5,Ruptive,,,,
Halo 5,SAW,,,,
Halo 5,SPNKr EM,,,,
Halo 5,SPNKr EX,,,,
Halo 5,SPNKr Prime,,,,
Halo 5,SPNKr,,,,
Halo 5,Safeguard Sentinel Beam,,,,
Halo 5,Saturnine,,,,
Halo 5,Scale of Soirapt,,,,
Halo 5,Scanner,,,,
Halo 5,Scattershot,,,,
Halo 5,Scoundrel,,,,
Halo 5,Scourge of Fire,,,,
Halo 5,Scout,,,,
Halo 5,Scout Decoy,,,,
Halo 5,Scout Observer,,,,
Halo 5,Scout Outrider,,,,
Halo 5,Scratched,,,,
Halo 5,Secrets,,,,
Halo 5,Security,,,,
Halo 5,Security GEN1,,,,
Halo 5,Security Oppressor,,,,
Halo 5,Security Watchdog,,,,
Halo 5,Seeker,,,,
Halo 5,Seeker Horizon,,,,
Halo 5,Seeker Intrepid,,,,
Halo 5,Selene's Lance,,,,
Halo 5,Sharktooth Grin,,,,
Halo 5,Shinobi,,,,
Halo 5,Shinobi Heartless,,,,
Halo 5,Shotgun,,,,
Halo 5,Shove It,,,,
Halo 5,Skulls And Roses,,,,
Halo 5,Sluagh,,,,
Halo 5,Snake,,,,
Halo 5,Sniper Rifle,,,,
Halo 5,Solar,,,,
Halo 5,Soldier,,,,
Halo 5,Soldier Dogface,,,,
Halo 5,Soldier Leatherneck,,,,
Halo 5,Soldier Rebel,,,,
Halo 5,Song of Peace,,,,
Halo 5,Sorrow of Teash,,,,
Halo 5,Spartan Laser,,,,
Halo 5,Spin Cycle,,,,
Halo 5,Spinal Tap,,,,
Halo 5,Spiral,,,,
Halo 5,Spirit Of Fire,,,,
Halo 5,Spitfire,,,,
Halo 5,Splinter Turret,,,,
Halo 5,Splyce,,,,
Halo 5,Stalker,,,,
Halo 5,Stalker Arrow,,,,
Halo 5,Starfire,,,,
Halo 5,Steel,,,,
Halo 5,Sticker Shock,,,,
Halo 5,Stinger,,,,
Halo 5,Stop Stabbing Yourself,,,,
Halo 5,Storm Rifle,,,,
Halo 5,Str8 Rippin,,,,
Halo 5,Strider,,,,
Halo 5,Strife,,,,
Halo 5,Sunspot,,,,
Halo 5,Superior Targetmaster,,,,
Halo 5,Supernova,,,,
Halo 5,Suppressor,,,,
Halo 5,Sweep the Leg,,,,
Halo 5,Sword of the Faithful,,,,
Halo 5,Tactical Carry,,,,
Halo 5,Take A Look,,,,
Halo 5,Take Out the Trash,,,,
Halo 5,Talon of the Lost,,,,
Halo 5,Targetmaster,,,,
Halo 5,Tartarus' Gavel,,,,
Halo 5,Team Allegiance,,,,
Halo 5,Team EnVyUs,,,,
Halo 5,Team Liquid,,,,
Halo 5,Technician,,,,
Halo 5,Technician Override,,,,
Halo 5,Teishin,,,,
Halo 5,Teishin Raikou,,,,
Halo 5,Teishin Shuurai,,,,
Halo 5,Tenebrae,,,,
Halo 5,Terminal Velocity,,,,
Halo 5,That Took Guts,,,,
Halo 5,The Answer,,,,
Halo 5,The Kickoff,,,,
Halo 5,Torchbearer,,,,
Halo 5,Tracer,,,,
Halo 5,Tracer Jackpoint,,,,
Halo 5,Tracer Signal,,,,
Halo 5,Tracker,,,,
Halo 5,Traitor,,,,
Halo 5,Twin Jewels of Maethrillian,,,,
Halo 5,Typhon,,,,
Halo 5,UNSC,,,,
Halo 5,Unbreakable,,,,
Halo 5,Unggoy,,,,
Halo 5,Urban Recon,,,,
Halo 5,Valkyrie,,,,
Halo 5,Valkyrie Eir,,,,
Halo 5,Valkyrie Hrist,,,,
Halo 5,Vandal,,,,
Halo 5,Vector,,,,
Halo 5,Vector Interrupt,,,,
Halo 5,Vector Sequence,,,,
Halo 5,Venator,,,,
Halo 5,Venator Cestus,,,,
Halo 5,Venator Retiarus,,,,
Halo 5,Venator Thraex,,,,
Halo 5,Vengeance,,,,
Halo 5,Venture,,,,
Halo 5,Venture Outward Bound,,,,
Halo 5,Verdant,,,,
Halo 5,Vespertine,,,,
Halo 5,Vigilant,,,,
Halo 5,Vigilant Watcher,,,,
Halo 5,Viper,,,,
Halo 5,Viper Strike,,,,
Halo 5,Viper Venom,,,,
Halo 5,Void Dancer,,,,
Halo 5,Void Dancer Comet,,,,
Halo 5,Void's Tear,,,,
Halo 5,Vorpal Talon,,,,
Halo 5,War Master,,,,
Halo 5,War Master Augustan,,,,
Halo 5,War Master Scipio,,,,
Halo 5,War Master Tiberian,,,,
Halo 5,Warrior,,,,
Halo 5,Warrior Blade,,,,
Halo 5,Warrior Helm,,,,
Halo 5,Warrior Shield,,,,
Halo 5,Weapons Free,,,,
Halo 5,Wetwork,,,,
Halo 5,Wetwork Cleaner,,,,
Halo 5,Whiplash,,,,
Halo 5,Whispered Truth,,,,
Halo 5,White Scar,,,,
Halo 5,Wicked Grasp,,,,
Halo 5,Wild Hunt,,,,
Halo 5,Windup,,,,
Halo 5,Word of Mouth,,,,
Halo 5,World's End,,,,
Halo 5,Wrath,,,,
Halo 5,Wrath Anhur,,,,
Covenant,Ord Casto,,,,
Covenant,Prophet of Truth,,,,
Covenant,Minister of Fortitude,,,,
Covenant,Age of Reclamation,,,,
Covenant,Ninth Age of Reclamation,,,,
Covenant,Sangheili ,,,,
Covenant,Jiralhanae,,,,
Covenant,Prophet of Regret,,,,
Covenant,Prophet of Mercy,,,,
Covenant,High Charity,,,,
Covenant,The Ark,,,,
Covenant,Thel Vadam,,,,
Covenant,Elite,,,,
Covenant,Sanghelios,,,,
Covenant,Lod Mron,,,,
Covenant,Minister of Tranquility,,,,
Covenant,Prophet of Restraint,,,,
Covenant,Prophet of Tolerance,,,,
Covenant,Prophetess of Obligation,,,,
Covenant,Hod Rumnt,,,,
Covenant,Arbiter,,,,
Covenant,Great Journey,,,,
Covenant,Tartarus,,,,
Covenant,Gravemind,,,,
Covenant,Great Schism,,,,
Covenant Fleets,Righteous Purpose,,,,
Covenant Fleets,Particular Justice,,,,
Covenant Fleets,Furious Redemption,,,,
Covenant Fleets,Retribution,,,,
Covenant Fleets,Profound Solitude,,,,
Covenant Fleets,Tranquil Composure,,,,
Covenant Fleets,Inner Knowledge,,,,
Covenant Fleets,Second Homogeneous Clarity,,,,
Covenant Fleets,Sacred Consecration,,,,
Covenant Fleets,Truth's Fleet,,,,
Covenant Fleets,Rigorous Prayer,,,,
Covenant Fleets,Third Glorious Consequence,,,,
Covenant Fleets,Righteous Vigilance,,,,
Covenant Fleets,Furious Retribution,,,,
Covenant Fleets,Holy Respite,,,,
Covenant Fleets,Glorious Interdiction,,,,
Covenant Fleets,Valiant Prudence,,,,
Sangheili Colonies,Whispering Trees,,,,
Sangheili Colonies,Carrow,,,,
UNSC Other,Cortana,,,,
UNSC Other,Fall of Reach,,,,
UNSC Other,Silent Cartographer ,,,,
UNSC Other,Combat Evolved,,,,
UNSC Other,Battle of Onyx,,,,
UNSC Other,Ur-Didact's Cryptum,,,,
UNSC Other,Warthog,,,,
UNSC Other,Battle of Earth,,,,
UNSC Other,Terminus Firefight,,,,
UNSC Other,The Last Bastion ,,,,
Halo Maps and Levels,Guilty Spark,,,,
Halo Maps and Levels,A New Enemy,,,,
Halo Maps and Levels,Abandon,,,,
Halo Maps and Levels,Adrift,,,,
Halo Maps and Levels,All the Way to the Altar,,,,
Halo Maps and Levels,Alliance,,,,
Halo Maps and Levels,Alpha Base,,,,
Halo Maps and Levels,Alpha Site,,,,
Halo Maps and Levels,Alpine Basin,,,,
Halo Maps and Levels,Anchor 9,,,,
Halo Maps and Levels,Anders' Signal,,,,
Halo Maps and Levels,Arcadia City,,,,
Halo Maps and Levels,Arcadia Outskirts,,,,
Halo Maps and Levels,Array,,,,
Halo Maps and Levels,Arrival,,,,
Halo Maps and Levels,Artifact,,,,
Halo Maps and Levels,Ascension,,,,
Halo Maps and Levels,Ashes,,,,
Halo Maps and Levels,Assault on CF-32,,,,
Halo Maps and Levels,Assault on the Control Room,,,,
Halo Maps and Levels,Assault on the Covenant Landing Zones,,,,
Halo Maps and Levels,Assault on the Supply Lines,,,,
Halo Maps and Levels,Assembly,,,,
Halo Maps and Levels,Attack on Sanctum,,,,
Halo Maps and Levels,Avalanche,,,,
Halo Maps and Levels,Awash,,,,
Halo Maps and Levels,Backwash,,,,
Halo Maps and Levels,Badlands,,,,
Halo Maps and Levels,Barrens,,,,
Halo Maps and Levels,Battle Canyon,,,,
Halo Maps and Levels,Battle Creek,,,,
Halo Maps and Levels,Battle at Red Slate,,,,
Halo Maps and Levels,Battle at the Arid Sea,,,,
Halo Maps and Levels,Battle for Epsilon Expanse,,,,
Halo Maps and Levels,Battle for the Moon,,,,
Halo Maps and Levels,Battle of Noctus,,,,
Halo Maps and Levels,Battle of Sunaion,,,,
Halo Maps and Levels,Beachhead,,,,
Halo Maps and Levels,Beasley's Plateau,,,,
Halo Maps and Levels,Beaver Creek,,,,
Halo Maps and Levels,Bedrock,,,,
Halo Maps and Levels,Before the Storm,,,,
Halo Maps and Levels,Behind Enemy Lines,,,,
Halo Maps and Levels,Blackout,,,,
Halo Maps and Levels,Blood Gulch,,,,
Halo Maps and Levels,Blood River,,,,
Halo Maps and Levels,Bloodline,,,,
Halo Maps and Levels,Blue Team,,,,
Halo Maps and Levels,Boarding Action,,,,
Halo Maps and Levels,Boardwalk,,,,
Halo Maps and Levels,Boneyard,,,,
Halo Maps and Levels,Boulevard,,,,
Halo Maps and Levels,Breach of the Bulwark,,,,
Halo Maps and Levels,Breakneck,,,,
Halo Maps and Levels,Breakout,,,,
Halo Maps and Levels,Altitude,,,,
Halo Maps and Levels,Breakpoint,,,,
Halo Maps and Levels,Burial Mounds,,,,
Halo Maps and Levels,Cairo Station,,,,
Halo Maps and Levels,Catherine,,,,
Halo Maps and Levels,Chasm Ten,,,,
Halo Maps and Levels,Chasms,,,,
Halo Maps and Levels,Checkpoint,,,,
Halo Maps and Levels,Chill Out,,,,
Halo Maps and Levels,Chiron TL-34,,,,
Halo Maps and Levels,Citadel,,,,
Halo Maps and Levels,Cleansing,,,,
Halo Maps and Levels,Coagulation,,,,
Halo Maps and Levels,Coastal Highway,,,,
Halo Maps and Levels,Cold Storage,,,,
Halo Maps and Levels,Coliseum,,,,
Halo Maps and Levels,Colossus,,,,
Halo Maps and Levels,Complex,,,,
Halo Maps and Levels,Composer,,,,
Halo Maps and Levels,Condemned,,,,
Halo Maps and Levels,"Conduit
Reversal of Fortune",,,,
Halo Maps and Levels,Construct,,,,
Halo Maps and Levels,Containment,,,,
Halo Maps and Levels,Cortana,,,,
Halo Maps and Levels,Corvette,,,,
Halo Maps and Levels,Countdown,,,,
Halo Maps and Levels,Courtyard,,,,
Halo Maps and Levels,Crater,,,,
Halo Maps and Levels,Crevice,,,,
Halo Maps and Levels,Crossfire,,,,
Halo Maps and Levels,Crow's Nest,,,,
Halo Maps and Levels,Damnation,,,,
Halo Maps and Levels,Danger Canyon,,,,
Halo Maps and Levels,Data Hive,,,,
Halo Maps and Levels,Dawn,,,,
Halo Maps and Levels,Daybreak,,,,
Halo Maps and Levels,Deadlock,,,,
Halo Maps and Levels,Death Island,,,,
Halo Maps and Levels,Defense of the Enemies' Airbase,,,,
Halo Maps and Levels,Deliverance,,,,
Halo Maps and Levels,Delta Halo,,,,
Halo Maps and Levels,Departure,,,,
Halo Maps and Levels,Depths,,,,
Halo Maps and Levels,Derelict,,,,
Halo Maps and Levels,Descend from the Perch,,,,
Halo Maps and Levels,Desolation,,,,
Halo Maps and Levels,Didact's Hand,,,,
Halo Maps and Levels,Dispatch,,,,
Halo Maps and Levels,District,,,,
Halo Maps and Levels,Dome of Light,,,,
Halo Maps and Levels,Don't Touch My Ride,,,,
Halo Maps and Levels,Dormant,,,,
Halo Maps and Levels,Eagle Square,,,,
Halo Maps and Levels,Eden,,,,
Halo Maps and Levels,Elongation,,,,
Halo Maps and Levels,Empire,,,,
Halo Maps and Levels,End of the Line,,,,
Halo Maps and Levels,Enemy Lines,,,,
Halo Maps and Levels,Entombed,,,,
Halo Maps and Levels,Epilogue,,,,
Halo Maps and Levels,Epitaph,,,,
Halo Maps and Levels,Erosion,,,,
Halo Maps and Levels,Ascent,,,,
Halo Maps and Levels,Escape,,,,
Halo Maps and Levels,Escape From A.R.C.,,,,
Halo Maps and Levels,Escape from Faraday,,,,
Halo Maps and Levels,Escape from the Southern Fields,,,,
Halo Maps and Levels,Evacuation,,,,
Halo Maps and Levels,Example,,,,
Halo Maps and Levels,Exile,,,,
Halo Maps and Levels,Exodus,,,,
Halo Maps and Levels,Expendable,,,,
Halo Maps and Levels,Fathom,,,,
Halo Maps and Levels,Fighting Retreat,,,,
Halo Maps and Levels,Fissures,,,,
Halo Maps and Levels,Floodgate,,,,
Halo Maps and Levels,"Foothold
Finders, Keepers",,,,
Halo Maps and Levels,Forerunner,,,,
Halo Maps and Levels,Forge Island,,,,
Halo Maps and Levels,Forge World,,,,
Halo Maps and Levels,Asylum,,,,
Halo Maps and Levels,Fort Deen,,,,
Halo Maps and Levels,Foundation,,,,
Halo Maps and Levels,Foundry,,,,
Halo Maps and Levels,Fracture,,,,
Halo Maps and Levels,From the Deep,,,,
Halo Maps and Levels,Frontier,,,,
Halo Maps and Levels,Frozen Valley,,,,
Halo Maps and Levels,Gambol,,,,
Halo Maps and Levels,Gamma Halo,,,,
Halo Maps and Levels,Gatecrashers,,,,
Halo Maps and Levels,Gemini,,,,
Halo Maps and Levels,Genesis,,,,
Halo Maps and Levels,Gephyrophobia,,,,
Halo Maps and Levels,Ghost Town,,,,
Halo Maps and Levels,Glacial Ravine,,,,
Halo Maps and Levels,Glacier,,,,
Halo Maps and Levels,Antifreeze,,,,
Halo Maps and Levels,Glassed,,,,
Halo Maps and Levels,Glyphology,,,,
Halo Maps and Levels,Gravemind,,,,
Halo Maps and Levels,Grifball Court,,,,
Halo Maps and Levels,Guardian,,,,
Halo Maps and Levels,Guardians,,,,
Halo Maps and Levels,Guillotine,,,,
Halo Maps and Levels,Halo,,,,
Halo Maps and Levels,Hang 'Em High,,,,
Halo Maps and Levels,Harvest,,,,
Halo Maps and Levels,Haven,,,,
Halo Maps and Levels,Headlong,,,,
Halo Maps and Levels,Hemorrhage,,,,
Halo Maps and Levels,Heretic,,,,
Halo Maps and Levels,High Charity,,,,
Halo Maps and Levels,High Ground,,,,
Halo Maps and Levels,High Noon,,,,
Halo Maps and Levels,Highlands,,,,
Halo Maps and Levels,Highway,,,,
Halo Maps and Levels,Hold the Line,,,,
Halo Maps and Levels,Holding the Fort,,,,
Halo Maps and Levels,Holdout,,,,
Halo Maps and Levels,Hunt for the Cult Leader,,,,
Halo Maps and Levels,Hunt for the Phantom,,,,
Halo Maps and Levels,Hunt for the Sangheili Command,,,,
Halo Maps and Levels,Ice Fields,,,,
Halo Maps and Levels,Impact,,,,
Halo Maps and Levels,Relay,,,,
Halo Maps and Levels,Infiltration of the Cistern,,,,
Halo Maps and Levels,Infiltration of the Covenant Perimeter,,,,
Halo Maps and Levels,Infiltration of the Cult Leader's Base,,,,
Halo Maps and Levels,Infinity,,,,
Halo Maps and Levels,Installation,,,,
Halo Maps and Levels,Firefight,,,,
Halo Maps and Levels,Invasion,,,,
Halo Maps and Levels,Isolation,,,,
Halo Maps and Levels,Ivory Tower,,,,
Halo Maps and Levels,Key,,,,
Halo Maps and Levels,Keyes,,,,
Halo Maps and Levels,Kikowani Station,,,,
Halo Maps and Levels,Kizingo Boulevard,,,,
Halo Maps and Levels,Labyrinth,,,,
Halo Maps and Levels,Landfall,,,,
Halo Maps and Levels,Last Exit,,,,
Halo Maps and Levels,Last Resort,,,,
Halo Maps and Levels,Last Stand,,,,
Halo Maps and Levels,Liberation of Faraday,,,,
Halo Maps and Levels,Light the Fuse,,,,
Halo Maps and Levels,Lights Out,,,,
Halo Maps and Levels,Live to Fight,,,,
Halo Maps and Levels,Lockdown,,,,
Halo Maps and Levels,Lockout,,,,
Halo Maps and Levels,"Lockout
Knockin' on a Forerunner Door",,,,
Halo Maps and Levels,Lone Wolf,,,,
Halo Maps and Levels,Long Night of Solace,,,,
Halo Maps and Levels,Longbow,,,,
Halo Maps and Levels,Longest,,,,
Halo Maps and Levels,Longshore,,,,
Halo Maps and Levels,Lost Platoon,,,,
Halo Maps and Levels,Manifestation,,,,
Halo Maps and Levels,March on Stormbreak,,,,
Halo Maps and Levels,Meltdown,,,,
Halo Maps and Levels,Memento Mori,,,,
Halo Maps and Levels,Memorial Basin,,,,
Halo Maps and Levels,Mercy,,,,
Halo Maps and Levels,Meridian Station,,,,
Halo Maps and Levels,Metropolis,,,,
Halo Maps and Levels,Midnight,,,,
Halo Maps and Levels,Midship,,,,
Halo Maps and Levels,Mirage,,,,
Halo Maps and Levels,Molten,,,,
Halo Maps and Levels,Mombasa Streets,,,,
Halo Maps and Levels,Monolith,,,,
Halo Maps and Levels,NMPD HQ,,,,
Halo Maps and Levels,Narrows,,,,
Halo Maps and Levels,Nebula,,,,
Halo Maps and Levels,New Alexandria,,,,
Halo Maps and Levels,New Mombasa Nightmare,,,,
Halo Maps and Levels,Nightfall,,,,
Halo Maps and Levels,Noble Actual,,,,
Halo Maps and Levels,Not on My Watch,,,,
Halo Maps and Levels,ONI Alpha Site,,,,
Halo Maps and Levels,ONI: Sword Base,,,,
Halo Maps and Levels,On Top of the World,,,,
Halo Maps and Levels,One Three Zero,,,,
Halo Maps and Levels,Orbital,,,,
Halo Maps and Levels,Orion,,,,
Halo Maps and Levels,Osiris,,,,
Halo Maps and Levels,Outcast,,,,
Halo Maps and Levels,Outpost,,,,
Halo Maps and Levels,Outskirts,,,,
Halo Maps and Levels,Overgrowth,,,,
Halo Maps and Levels,Malignant,,,,
Halo Maps and Levels,Overlook,,,,
Halo Maps and Levels,Paradiso,,,,
Halo Maps and Levels,Parallax,,,,
Halo Maps and Levels,Altar,,,,
Halo Maps and Levels,Pegasus,,,,
Halo Maps and Levels,Penance,,,,
Halo Maps and Levels,Perdition,,,,
Halo Maps and Levels,Pinnacle,,,,
Halo Maps and Levels,Pirth Outskirts,,,,
Halo Maps and Levels,Pitfall,,,,
Halo Maps and Levels,Plaza,,,,
Halo Maps and Levels,Portal Control,,,,
Halo Maps and Levels,Nerve Center,,,,
Halo Maps and Levels,Power Net,,,,
Halo Maps and Levels,Powerhouse,,,,
Halo Maps and Levels,Prepare To Drop,,,,
Halo Maps and Levels,Prisoner,,,,
Halo Maps and Levels,Prologue,,,,
Halo Maps and Levels,Prospect,,,,
Halo Maps and Levels,Quarantine Zone,,,,
Halo Maps and Levels,Ragnarok,,,,
Halo Maps and Levels,Raid on Apex 7,,,,
Halo Maps and Levels,Rally Point,,,,
Halo Maps and Levels,Rat Race,,,,
Halo Maps and Levels,Rat's Nest,,,,
Halo Maps and Levels,Ravine,,,,
Halo Maps and Levels,Settler,,,,
Halo Maps and Levels,Reactor,,,,
Halo Maps and Levels,Reactor Field Relief,,,,
Halo Maps and Levels,Reclaimer,,,,
Halo Maps and Levels,Recurve,,,,
Halo Maps and Levels,Reflection,,,,
Halo Maps and Levels,Regret,,,,
Halo Maps and Levels,Reinforcement of the Perch,,,,
Halo Maps and Levels,Release,,,,
Halo Maps and Levels,Relic,,,,
Halo Maps and Levels,Relic Approach,,,,
Halo Maps and Levels,Relic Interior,,,,
Halo Maps and Levels,Remnant,,,,
Halo Maps and Levels,Repairs,,,,
Halo Maps and Levels,Repository,,,,
Halo Maps and Levels,Requiem,,,,
Halo Maps and Levels,Reunion,,,,
Halo Maps and Levels,Ridgeline,,,,
Halo Maps and Levels,Rift,,,,
Halo Maps and Levels,Riptide,,,,
Halo Maps and Levels,Run Through the Jungle,,,,
Halo Maps and Levels,Sacred Icon,,,,
Halo Maps and Levels,Sanctuary,,,,
Halo Maps and Levels,Sandbox,,,,
Halo Maps and Levels,Sandtrap,,,,
Halo Maps and Levels,Sand Tarp,,,,
Halo Maps and Levels,Scarab,,,,
Halo Maps and Levels,Scattered,,,,
Halo Maps and Levels,Scavenger,,,,
Halo Maps and Levels,Security Zone,,,,
Halo Maps and Levels,Sentry,,,,
Halo Maps and Levels,Serve and Protect,,,,
Halo Maps and Levels,Shatter,,,,
Halo Maps and Levels,Shield World,,,,
Halo Maps and Levels,Shrine,,,,
Halo Maps and Levels,Shutdown,,,,
Halo Maps and Levels,Sidewinder,,,,
Halo Maps and Levels,Siege of Faraday,,,,
Halo Maps and Levels,Sierra 117,,,,
Halo Maps and Levels,Signal Fires,,,,
Halo Maps and Levels,Skirmish at Darkstar,,,,
Halo Maps and Levels,Skyline,,,,
Halo Maps and Levels,Skyward,,,,
Halo Maps and Levels,Snowbound,,,,
Halo Maps and Levels,Boundless,,,,
Halo Maps and Levels,Solace,,,,
Halo Maps and Levels,Solitary,,,,
Halo Maps and Levels,Spire,,,,
Halo Maps and Levels,Spirit Graveyard Stand-Off,,,,
Halo Maps and Levels,Standoff,,,,
Halo Maps and Levels,Stasis,,,,
Halo Maps and Levels,Stonetown,,,,
Halo Maps and Levels,Structural Integrity,,,,
Halo Maps and Levels,Summit,,,,
Halo Maps and Levels,Superstructure Assault,,,,
Halo Maps and Levels,Superstructure Stand-off,,,,
Halo Maps and Levels,Sword Base,,,,
Halo Maps and Levels,Swords of Sanghelios,,,,
Halo Maps and Levels,Tayari Plaza,,,,
Halo Maps and Levels,Tempest,,,,
Halo Maps and Levels,Temple,,,,
Halo Maps and Levels,Terminal,,,,
Halo Maps and Levels,Terminal Moraine,,,,
Halo Maps and Levels,The Arbiter,,,,
Halo Maps and Levels,The Archive,,,,
Halo Maps and Levels,The Ark,,,,
Halo Maps and Levels,The Armory,,,,
Halo Maps and Levels,The Breaking,,,,
Halo Maps and Levels,The Cage,,,,
Halo Maps and Levels,The Cartographer,,,,
Halo Maps and Levels,The Covenant,,,,
Halo Maps and Levels,The Docks,,,,
Halo Maps and Levels,The Flood,,,,
Halo Maps and Levels,The Foundry,,,,
Halo Maps and Levels,The Great Journey,,,,
Halo Maps and Levels,The Halo,,,,
Halo Maps and Levels,The Heretic,,,,
Halo Maps and Levels,The Last Bastion,,,,
Halo Maps and Levels,The Last Stand,,,,
Halo Maps and Levels,The Library,,,,
Halo Maps and Levels,The Lion's Den,,,,
Halo Maps and Levels,The Maw,,,,
Halo Maps and Levels,The Mirror Mantle Counter-Assault,,,,
Halo Maps and Levels,The Oracle,,,,
Halo Maps and Levels,The Package,,,,
Halo Maps and Levels,The Pillar of Autumn,,,,
Halo Maps and Levels,The Pit,,,,
Halo Maps and Levels,Pit Stop,,,,
Halo Maps and Levels,The Proving Grounds,,,,
Halo Maps and Levels,The Rig,,,,
Halo Maps and Levels,The Scorching of the Thicket,,,,
Halo Maps and Levels,The Signal,,,,
Halo Maps and Levels,The Silent Cartographer,,,,
Halo Maps and Levels,The Source,,,,
Halo Maps and Levels,The Storm,,,,
Halo Maps and Levels,The Truth and Reconciliation,,,,
Halo Maps and Levels,The Way Home,,,,
Halo Maps and Levels,Tidal,,,,
Halo Maps and Levels,"Til Death Do Us Part
Leave 'em at the Altar",,,,
Halo Maps and Levels,Timberland,,,,
Halo Maps and Levels,Tip of the Spear,,,,
Halo Maps and Levels,Tombstone,,,,
Halo Maps and Levels,Torque,,,,
Halo Maps and Levels,Transmission Interrupted,,,,
Halo Maps and Levels,Trench,,,,
Halo Maps and Levels,Trident,,,,
Halo Maps and Levels,Truth,,,,
Halo Maps and Levels,Tsavo Highway,,,,
Halo Maps and Levels,Tundra,,,,
Halo Maps and Levels,Turf,,,,
Halo Maps and Levels,Two Betrayals,,,,
Halo Maps and Levels,Tyrant,,,,
Halo Maps and Levels,Unconfirmed,,,,
Halo Maps and Levels,Under the Dark,,,,
Halo Maps and Levels,Unearthed,,,,
Halo Maps and Levels,Up in the Air,,,,
Halo Maps and Levels,Uplift,,,,
Halo Maps and Levels,Uplift Reserve,,,,
Halo Maps and Levels,Uprising,,,,
Halo Maps and Levels,Urban,,,,
Halo Maps and Levels,Valhalla,,,,
Halo Maps and Levels,Vault,,,,
Halo Maps and Levels,Vertigo,,,,
Halo Maps and Levels,Viking,,,,
Halo Maps and Levels,Vortex,,,,
Halo Maps and Levels,Warlock,,,,
Halo Maps and Levels,Warlord,,,,
Halo Maps and Levels,Waterfront,,,,
Halo Maps and Levels,Waterworks,,,,
Halo Maps and Levels,"We Need to Talk
Reverse Course",,,,
Halo Maps and Levels,What Could Go Wrong?,,,,
Halo Maps and Levels,Windward,,,,
Halo Maps and Levels,Winter Contingency,,,,
Halo Maps and Levels,Wizard,,,,
Halo Maps and Levels,Wounded Quarry,,,,
Halo Maps and Levels,Wreckage,,,,
Halo Maps and Levels,Zanzibar,,,,
Halo Maps and Levels,Zealot,,,,
Halo Maps and Levels,Zenith,,,,
UNSC Other,Master Chief,,,,
UNSC Other,New Mombasa,,,,
UNSC Other,First Strike,,,,
UNSC Other,Unyielding Hierophant,,,,
UNSC Other,Splipspace,,,,
UNSC Other,Banshee,,,,
UNSC Other,Old Mombasa,,,,
Soundtracks,Opening Suite,,,,
Soundtracks,Truth and Reconciliation Suite,,,,
Soundtracks,Brothers in Arms,,,,
Soundtracks,Enough Dead Heroes,,,,
Soundtracks,Perilous Journey,,,,
Soundtracks,A Walk in the Woods,,,,
Soundtracks,Ambient Wonder,,,,
Soundtracks,The Gun Pointed at the Head of the Universe,,,,
Soundtracks,Trace Amounts,,,,
Soundtracks,Under Cover of Night,,,,
Soundtracks,What Once Was Lost,,,,
Soundtracks,Lament for Pvt. Jenkins,,,,
Soundtracks,Devils... Monsters...,,,,
Soundtracks,Covenant Dance,,,,
Soundtracks,Alien Corridors,,,,
Soundtracks,Rock Anthem for Saving the World,,,,
Soundtracks,The Maw,,,,
Soundtracks,Drumrun,,,,
Soundtracks,On a Pale Horse,,,,
Soundtracks,Perchance to Dream,,,,
Soundtracks,Library Suite,,,,
Soundtracks,The Long Run,,,,
Soundtracks,Suite Autumn,,,,
Soundtracks,Shadows,,,,
Soundtracks,Dust and Echoes,,,,
Soundtracks,Halo,,,,
Soundtracks,Siege of Madrigal,,,,
Soundtracks,Blow Me Away,,,,
Soundtracks,Peril,,,,
Soundtracks,Ghosts of Reach,,,,
Soundtracks,1st Movement of The Odyssey,,,,
Soundtracks,"Heretic, Hero",,,,
Soundtracks,Flawed Legacy,,,,
Soundtracks,Impend,,,,
Soundtracks,Never Surrender,,,,
Soundtracks,Ancient Machine,,,,
Soundtracks,2nd Movement of the Odyssey,,,,
Soundtracks,In Amber Clad,,,,
Soundtracks,The Last Spartan,,,,
Soundtracks,Orbit of Glass,,,,
Soundtracks,3rd Movement of The Odyssey,,,,
Soundtracks,Heavy Price Paid,,,,
Soundtracks,Earth City,,,,
Soundtracks,High Charity,,,,
Soundtracks,4th Movement of The Odyssey,,,,
Soundtracks,Remembrance,,,,
Soundtracks,Connected,,,,
Soundtracks,Prologue,,,,
Soundtracks,Cairo Suite,,,,
Soundtracks,Mombasa Suite,,,,
Soundtracks,Unyielding,,,,
Soundtracks,Mausoleum Suite,,,,
Soundtracks,Unforgotten,,,,
Soundtracks,Delta Halo Suite,,,,
Soundtracks,Sacred Icon Suite,,,,
Soundtracks,Reclaimer,,,,
Soundtracks,High Charity Suite,,,,
Soundtracks,Epilogue,,,,
Soundtracks,Luck,,,,
Soundtracks,Released,,,,
Soundtracks,Infiltrate,,,,
Soundtracks,Honorable Intentions,,,,
Soundtracks,Last of the Brave,,,,
Soundtracks,Brutes,,,,
Soundtracks,Out of Shadow,,,,
Soundtracks,To Kill a Demon,,,,
Soundtracks,This is Our Land,,,,
Soundtracks,This is the Hour,,,,
Soundtracks,Dread Intrusion,,,,
Soundtracks,Follow Our Brothers,,,,
Soundtracks,Farthest Outpost,,,,
Soundtracks,Behold a Pale Horse,,,,
Soundtracks,Edge Closer,,,,
Soundtracks,Three Gates,,,,
Soundtracks,Black Tower,,,,
Soundtracks,One Final Effort,,,,
Soundtracks,Gravemind,,,,
Soundtracks,Cortana Suite (No More Dead Heroes,,,,
Soundtracks,Keep What You Steal),,,,
Soundtracks,Halo Reborn,,,,
Soundtracks,Greatest Journey,,,,
Soundtracks,Tribute,,,,
Soundtracks,Roll Call,,,,
Soundtracks,Wake Me When You Need Me,,,,
Soundtracks,Legend,,,,
Soundtracks,Choose Wisely,,,,
Soundtracks,Movement,,,,
Soundtracks,Never Forget,,,,
Soundtracks,Finish the Fight,,,,
Soundtracks,LvUrFR3NZ,,,,
Soundtracks,Spirit of Fire,,,,
Soundtracks,Bad Here Day,,,,
Soundtracks,Perspective,,,,
Soundtracks,Money or Meteors,,,,
Soundtracks,Flollo,,,,
Soundtracks,Just Ad Nauseum,,,,
Soundtracks,Unusually Quiet,,,,
Soundtracks,Flip and Sizzle,,,,
Soundtracks,Put the Lady Down,,,,
Soundtracks,Six-Armed Robbing Suit,,,,
Soundtracks,Action Figure Hands,,,,
Soundtracks,Status Quo Show,,,,
Soundtracks,Part of the Plan,,,,
Soundtracks,Work Burns and Runaway Grunts,,,,
Soundtracks,Freaked Out,,,,
Soundtracks,Rescued Or Not,,,,
Soundtracks,Best Guess At Best,,,,
Soundtracks,One Problem at a Time,,,,
Soundtracks,De Facto The Matter,,,,
Soundtracks,Part of The Problem,,,,
Soundtracks,Out of There Alive,,,,
Soundtracks,Through Your Hoops,,,,
Soundtracks,Under Your Hurdles,,,,
Soundtracks,Insignificantia,,,,
Soundtracks,X-06,,,,
Soundtracks,Five Long Years,,,,
Soundtracks,"Nothing Ventured, Nothing Gained",,,,
Soundtracks,Quite the Vacation Resort,,,,
Soundtracks,We're Burning Sunshine,,,,
Soundtracks,Overture,,,,
Soundtracks,The Rookie,,,,
Soundtracks,More Than His Share,,,,
Soundtracks,Deference for Darkness,,,,
Soundtracks,The Menagerie,,,,
Soundtracks,Asphalt and Ablution,,,,
Soundtracks,Traffic Jam,,,,
Soundtracks,Neon Night,,,,
Soundtracks,The Office of Naval Intelligence,,,,
Soundtracks,Bits and Pieces,,,,
Soundtracks,Skyline,,,,
Soundtracks,No Stone Unturned,,,,
Soundtracks,One Way Ride,,,,
Soundtracks,The Light at the End,,,,
Soundtracks,Data Hive,,,,
Soundtracks,Special Delivery,,,,
Soundtracks,Finale,,,,
Soundtracks,Truth and Reconciliation,,,,
Soundtracks,Desperate Measures,,,,
Soundtracks,Cairo Suite 1,,,,
Soundtracks,Machines and Might,,,,
Soundtracks,Blade and Burden,,,,
Soundtracks,Steel and Light,,,,
Soundtracks,True Arbiter,,,,
Soundtracks,Shattered Legacy,,,,
Soundtracks,Out of Darkness,,,,
Soundtracks,Into Light,,,,
Soundtracks,Sacred Icon,,,,
Soundtracks,Rescue Mission,,,,
Soundtracks,High Charity Quartet,,,,
Soundtracks,Here in Peril,,,,
Soundtracks,Risk and Reward,,,,
Soundtracks,Exit Window,,,,
Soundtracks,Winter Contingency,,,,
Soundtracks,ONI: Sword Base,,,,
Soundtracks,Nightfall,,,,
Soundtracks,Tip of the Spear,,,,
Soundtracks,Long Night of Solace,,,,
Soundtracks,Exodus,,,,
Soundtracks,New Alexandria,,,,
Soundtracks,The Package,,,,
Soundtracks,The Pillar of Autumn,,,,
Soundtracks,From the Vault,,,,
Soundtracks,Ashes,,,,
Soundtracks,Fortress,,,,
Soundtracks,We're Not Going Anywhere,,,,
Soundtracks,At Any Cost,,,,
Soundtracks,Both Ways,,,,
Soundtracks,Walking Away,,,,
Soundtracks,Ghosts and Glass,,,,
Soundtracks,We Remember,,,,
Soundtracks,Random Slipspace Trajectory,,,,
Soundtracks,"Bravery, Brotherhood",,,,
Soundtracks,Installation 04,,,,
Soundtracks,An End of Dying,,,,
Soundtracks,Pale Rider,,,,
Soundtracks,Yawning Chasm,,,,
Soundtracks,A Private Service,,,,
Soundtracks,Rock in a Hard Place,,,,
Soundtracks,"Flotsam, Jetsam",,,,
Soundtracks,"Captain, My Captain",,,,
Soundtracks,Suite Fall,,,,
Soundtracks,Demons and Heretics,,,,
Soundtracks,Exfiltration,,,,
Soundtracks,Honest Negotiation Suite,,,,
Soundtracks,Unless You Mean to Shoot,,,,
Soundtracks,Infiltration,,,,
Soundtracks,Strung,,,,
Soundtracks,"Still, Moving",,,,
Soundtracks,Lions and Tigers,,,,
Soundtracks,Between Beams,,,,
Soundtracks,Paranoid Illusion,,,,
Soundtracks,Xenoarchaeology,,,,
Soundtracks,Choreographite,,,,
Soundtracks,In the Substance of it,,,,
Soundtracks,How to Get Ahead in War,,,,
Soundtracks,Unreliable Exploration,,,,
Soundtracks,Dewy Decimate,,,,
Soundtracks,First Step,,,,
Soundtracks,Aborea Above,,,,
Soundtracks,Bad Dream,,,,
Soundtracks,Cloaked in Blackness,,,,
Soundtracks,Strident,,,,
Soundtracks,To Sleep,,,,
Soundtracks,Marathon Sprint,,,,
Soundtracks,Fragments,,,,
Soundtracks,Heretic Machine,,,,
Soundtracks,Unfortunate Discovery,,,,
Soundtracks,Heliopause,,,,
Soundtracks,Didactic Principle,,,,
Soundtracks,Sphere,,,,
Soundtracks,Cryo,,,,
Soundtracks,Reflections,,,,
Soundtracks,C.A.M.S,,,,
Soundtracks,Sleep,,,,
Soundtracks,4AM,,,,
Soundtracks,Volcano,,,,
Soundtracks,Paratus,,,,
Soundtracks,Flag,,,,
Soundtracks,Secrets,,,,
Soundtracks,Classified,,,,
Soundtracks,Decisions,,,,
Soundtracks,Leaving,,,,
Soundtracks,Invasion,,,,
Soundtracks,Locker,,,,
Soundtracks,Survivors,,,,
Soundtracks,Sniper,,,,
Soundtracks,Warthog,,,,
Soundtracks,K.I.A.,,,,
Soundtracks,Axios,,,,
Soundtracks,Forward,,,,
Soundtracks,Awakening,,,,
Soundtracks,Belly of the Beast,,,,
Soundtracks,Requiem,,,,
Soundtracks,Legacy,,,,
Soundtracks,Faithless,,,,
Soundtracks,Haven,,,,
Soundtracks,Nemesis,,,,
Soundtracks,Ascendancy,,,,
Soundtracks,Solace,,,,
Soundtracks,To Galaxy,,,,
Soundtracks,Immaterial,,,,
Soundtracks,117,,,,
Soundtracks,Arrival,,,,
Soundtracks,Revival,,,,
Soundtracks,Green and Blue,,,,
Soundtracks,Atonement,,,,
Soundtracks,Gravity,,,,
Soundtracks,Wreckage,,,,
Soundtracks,Aliens,,,,
Soundtracks,Kantele Bow,,,,
Soundtracks,Pylons,,,,
Soundtracks,Escape,,,,
Soundtracks,Swamp,,,,
Soundtracks,Push Through,,,,
Soundtracks,Convoy,,,,
Soundtracks,To Galaxy (Extended),,,,
Soundtracks,Lasky's Theme,,,,
Soundtracks,Foreshadow,,,,
Soundtracks,Cloud City,,,,
Soundtracks,This Armour,,,,
Soundtracks,Intruders,,,,
Soundtracks,Mantis,,,,
Soundtracks,Sacrifice,,,,
Soundtracks,Never Forget (Midnight Version),,,,
Soundtracks,Majestic,,,,
Soundtracks,Stark,,,,
Soundtracks,Who's There?,,,,
Soundtracks,Bridge Too Far,,,,
Soundtracks,Hunted,,,,
Soundtracks,Ready or Not,,,,
Soundtracks,Wolverines Return,,,,
Soundtracks,Rising,,,,
Soundtracks,Survive,,,,
Soundtracks,Prelude,,,,
Soundtracks,Breaking the Code,,,,
Soundtracks,The Big Guns,,,,
Soundtracks,Quiet Giant,,,,
Soundtracks,Guns in the Dark,,,,
Soundtracks,Epic Evolution,,,,
Soundtracks,Eliminate the Resistance,,,,
Soundtracks,Night Dreams,,,,
Soundtracks,Wolverines Reborn,,,,
Soundtracks,Regret,,,,
Soundtracks,Castle Defense,,,,
Soundtracks,Simple Mystery,,,,
Soundtracks,Intimate,,,,
Soundtracks,Onslaught,,,,
Soundtracks,Elevated,,,,
Soundtracks,Knock Knock,,,,
Soundtracks,Night Guards,,,,
Soundtracks,Finishing the Fight,,,,
Soundtracks,Not a Number,,,,
Soundtracks,Kilindini Harbour,,,,
Soundtracks,"Only a Star, Only the Sea",,,,
Soundtracks,A Spartan Rises,,,,
Soundtracks,Unforgotten Memories,,,,
Soundtracks,Second Prelude,,,,
Soundtracks,This Glittering Band,,,,
Soundtracks,Jeopardy,,,,
Soundtracks,Halo Theme Scorpion Mix,,,,
Soundtracks,Punishment,,,,
Soundtracks,Promise the Girl,,,,
Soundtracks,Unsullied Memory,,,,
Soundtracks,Arise in Valor,,,,
Soundtracks,Unwearied Heart,,,,
Soundtracks,Spartan's Regret,,,,
Soundtracks,Genesong,,,,
Soundtracks,Breaking the Covenant,,,,
Soundtracks,Follow in Flight,,,,
Soundtracks,Cryptic Whisper,,,,
Soundtracks,Impart,,,,
Soundtracks,Charity's Irony,,,,
Soundtracks,Moon Over Mombasa,,,,
Soundtracks,Trapped in Amber,,,,
Soundtracks,Builder's Legacy,,,,
Soundtracks,Librarian's Gift,,,,
Soundtracks,Zealous Champion,,,,
Soundtracks,"Steward, Shepherd, Lonely Soul",,,,
Soundtracks,Africa Suite,,,,
Soundtracks,Prophet Suite,,,,
Soundtracks,Into the Belly of the Beast,,,,
Soundtracks,Cracked Legend,,,,
Soundtracks,Menace No More,,,,
Soundtracks,Spartan Strike,,,,
Soundtracks,With Her Whisper,,,,
Soundtracks,Mombasa Arrival,,,,
Soundtracks,In the Clear,,,,
Soundtracks,Epic Evolution Reborn,,,,
Soundtracks,Just Beyond,,,,
Soundtracks,The Time to Ride,,,,
Soundtracks,Go Silently Within,,,,
Soundtracks,Plan of Attack,,,,
Soundtracks,Homeworld Bound,,,,
Soundtracks,Stalking Prey,,,,
Soundtracks,Legacy Unbound,,,,
Soundtracks,New Foe,,,,
Soundtracks,The Canopy for Cover,,,,
Soundtracks,Hush Now Rush Now,,,,
Soundtracks,Careful Steps,,,,
Soundtracks,Next Move,,,,
Soundtracks,Origin and Time,,,,
Soundtracks,Into the Depths,,,,
Soundtracks,Perpetual Motion,,,,
Soundtracks,Bring a Bigger Gun,,,,
Soundtracks,Attack,,,,
Soundtracks,Rapid Recon,,,,
Soundtracks,Native Tongue,,,,
Soundtracks,Force Multiplyer,,,,
Soundtracks,Jungle Threats,,,,
Soundtracks,Halo Canticles,,,,
Soundtracks,Light is Green,,,,
Soundtracks,Kamchatka,,,,
Soundtracks,Return to the Fold,,,,
Soundtracks,Rock and Ice,,,,
Soundtracks,Argent Moon,,,,
Soundtracks,Scavengers,,,,
Soundtracks,In Absentia,,,,
Soundtracks,Meridian Crossing,,,,
Soundtracks,Unearthed,,,,
Soundtracks,Unconfirmed Reports,,,,
Soundtracks,Keeper of Secrets,,,,
Soundtracks,Cavalier,,,,
Soundtracks,Crossed Paths,,,,
Soundtracks,Untethered,,,,
Soundtracks,Skeleton Crew,,,,
Soundtracks,Siren Song,,,,
Soundtracks,Enemy of my Enemy,,,,
Soundtracks,Honor's Song,,,,
Soundtracks,Warrior World,,,,
Soundtracks,Covenant Prayers,,,,
Soundtracks,Cloud Chariot,,,,
Soundtracks,Sentry Battle,,,,
Soundtracks,Worldquake,,,,
Soundtracks,Advent,,,,
Soundtracks,Walk Softly,,,,
Soundtracks,Genesis,,,,
Soundtracks,Dominion,,,,
Soundtracks,The Trials,,,,
Soundtracks,Sentinel Song,,,,
Soundtracks,Crypt,,,,
Soundtracks,End Game,,,,
Soundtracks,Reunion,,,,
Soundtracks,Blue Team,,,,
Soundtracks,Jameson Locke,,,,
Soundtracks,Osiris Suite,,,,
Soundtracks,Recommissioned,,,,
Soundtracks,Barren,,,,
Soundtracks,Isabel's Awakening,,,,
Soundtracks,Antediluvian,,,,
Soundtracks,Amethyst,,,,
Soundtracks,"Arise, Goodbye",,,,
Soundtracks,Symbiotic,,,,
Soundtracks,The Banishing,,,,
Soundtracks,Run Little Demons,,,,
Soundtracks,It's Done,,,,
Soundtracks,"Bon Voyage, Bon Chance",,,,
Soundtracks,Empathy,,,,
Soundtracks,Infamy,,,,
Soundtracks,Heads Up Display,,,,
Soundtracks,"Steel Hands, Gloves Off",,,,
Soundtracks,Abolition,,,,
Soundtracks,Catastrophic Failure,,,,
Soundtracks,Demonslayer,,,,
Soundtracks,Excision,,,,
Soundtracks,Inscision,,,,
Soundtracks,Non-Euclidean,,,,
Soundtracks,Cratered,,,,
Soundtracks,Scorched Earth,,,,
Soundtracks,Simulacra,,,,
Soundtracks,Tactical Error,,,,
Soundtracks,Strategic Feint,,,,
Soundtracks,Gambit,,,,
Soundtracks,Calculated Risk,,,,
Soundtracks,Collateral Harm,,,,
Soundtracks,Fog of War,,,,
Soundtracks,Battle Aspect,,,,
Soundtracks,Singular Vision,,,,
Soundtracks,Pinch Maneuver,,,,
Soundtracks,Last Stand,,,,
Soundtracks,Energy Efficient,,,,
Soundtracks,Dug In,,,,
Soundtracks,Bivouacked,,,,
Soundtracks,Legitimate Strategy,,,,
